<?xml version="1.0" encoding="UTF-8"?><?xml-stylesheet type='text/xsl' href='_UpgradeReport_Files/UpgradeReport.xslt'?><UpgradeLog>
<Properties><Property Name="Solution" Value="tenpay">
</Property><Property Name="解决方案文件" Value="C:\Documents and Settings\magichu\桌面\新建文件夹 (2)\B2C\即时到帐\c#\tenpayApp\tenpay.sln">
</Property><Property Name="Date" Value="2010年5月21日">
</Property><Property Name="Time" Value="19:06:17">
</Property></Properties><Event ErrorLevel="2" Project="tenpay.csproj" Source=" tenpay.csproj:(Error List)" Description="错误: 无法转换项目引用 tenpayLib。&#xA;">
</Event><Event ErrorLevel="1" Project="tenpay.csproj" Source=" tenpay.csproj:(Warning List)" Description="警告: 此 Web 项目已转换为一个基于文件的 Web 应用程序。如果您的站点包含任何 IIS 元数据信息，例如，标记为虚拟目录的子文件夹，则建议您关闭此网站，再通过使用“打开网站”命令并选择“本地 IIS”选项卡来重新打开它。&#xA;">
</Event><Event ErrorLevel="2" Project="tenpay.csproj" Source=" tenpay.csproj:(Error List)" Description="错误: 下列文件未迁移，因为未在项目文件中找到它们或者关联的“BuildAction”设置为“None”。&#xA;您可能需要在转换过程之后将这些文件从项目中排除掉，这样才能编译您的网站: &#xA;文件列表 == tenpaylib\responsehandler.cs,tenpaylib\payrequesthandler.cs,tenpaylib\requesthandler.cs,tenpaylib\md5util.cs,&#xA;tenpaylib\payresponsehandler.cs,tenpaylib\assemblyinfo.cs,tenpaylib\tenpayutil.cs。&#xA;">
</Event><Event ErrorLevel="0" Project="tenpay.csproj" Source="tenpay.csproj" Description="已转换。&#xA;可能存在一些未解决的转换问题，您需要对其进行手动修复。有关更多信息，请参见 http://go.microsoft.com/fwlink/?LinkId=46995 或搜索帮助主题“从 Visual Studio .NET 2002 或 2003 转换”。">
</Event><Event ErrorLevel="3" Project="tenpay.csproj" Source="tenpay.csproj" Description="Converted">
</Event></UpgradeLog>