<?xml version="1.0" encoding="UTF-8"?><?xml-stylesheet type='text/xsl' href='_UpgradeReport_Files/UpgradeReport.xslt'?><UpgradeLog>
<Properties><Property Name="Solution" Value="tenpay">
</Property><Property Name="解决方案文件" Value="D:\Downloads\2008\即时到帐\c#\tenpayApp\tenpay.sln">
</Property><Property Name="Date" Value="2010年6月25日">
</Property><Property Name="Time" Value="11:21">
</Property><Property Name="日志号" Value="2">
</Property></Properties><Event ErrorLevel="0" Project="" Source="tenpay.sln" Description="成功转换解决方案">
</Event><Event ErrorLevel="3" Project="" Source="tenpay.sln" Description="Converted">
</Event></UpgradeLog>