<?xml version="1.0" encoding="UTF-8"?><?xml-stylesheet type='text/xsl' href='_UpgradeReport_Files/UpgradeReport.xslt'?><UpgradeLog>
<Properties><Property Name="Solution" Value="tenpayLib">
</Property><Property Name="解决方案文件" Value="D:\Downloads\2008\即时到帐\c#\tenpayApp\tenpayLib\tenpayLib.sln">
</Property><Property Name="Date" Value="2010年6月25日">
</Property><Property Name="Time" Value="11:28:23">
</Property></Properties><Event ErrorLevel="0" Project="tenpayLib" Source="tenpayLib.csproj" Description="项目已成功转换">
</Event><Event ErrorLevel="3" Project="tenpayLib" Source="tenpayLib.csproj" Description="Converted">
</Event><Event ErrorLevel="0" Project="tenpayLib" Source="tenpayLib.csproj" Description="扫描完成: 项目文件不需要升级。">
</Event></UpgradeLog>